depth,lambda,delta_lambda,tau_prime,conf_chm,density,k,h_profile,pareto_size,diversity,resonance_avg,pressure,epsilon_effect,target_local_weight,target_global_weight,local_global_distance,field_min_distance,field_rejected_count,mu,dhm_k,dhm_norm,dhm_resonance_mean,dhm_score_ratio,dhm_build_us,expanded_categories_count,selected_rules_count,per_category_selected,entropy_per_depth,unique_category_count_per_depth,pareto_front_size_per_depth,mean_nn_dist,pareto_spacing,pareto_hv_2d,field_extract_us,field_score_us,field_aggregate_us,field_total_us,norm_median_0,norm_median_1,norm_median_2,norm_median_3,norm_mad_0,norm_mad_1,norm_mad_2,norm_mad_3,median_nn_dist_all_depth,collapse_flag,normalization_mode
1,0.495717257,-0.004282756,0.000000000,0.000000000,0.000000000,0,1.000000000,6,0.004746891,0.870174885,0.000000000,0.000000000,0.000000000,0.000000000,0.000000000,0.000000000,0,0.000000000,0,0.000000000,0.000000000,1.000000000,0.000000000,6,15,"ConstraintPropagation:2|Cost:1|Performance:1|Refactor:4|Reliability:3|Structural:4",1.656551123,6,6,6.977755070,16.838558197,0.000000000,306.167999268,7.915999889,305.040985107,315.875000000,0.877300024,0.069782473,0.500000000,0.996079981,0.000000000,0.048838638,0.000000000,0.000000000,2.884950638,false,"global_robust"
2,0.491502851,-0.004214385,0.000000000,0.000000000,0.000000000,0,1.000000000,17,0.006003191,0.250532299,0.000000000,0.000000000,0.000000000,0.000000000,0.000000000,0.000000000,0,0.000000000,0,0.000000000,0.000000000,1.000000000,0.000000000,6,78,"ConstraintPropagation:10|Cost:5|Performance:5|Refactor:22|Reliability:15|Structural:21",1.642876983,6,17,3.536582708,8.058317184,0.000000000,529.083007812,13.206000328,527.210021973,545.456970215,0.877300024,0.000000000,1.000000000,0.996079981,0.009021428,0.000000000,0.000000000,0.000600000,2.884950638,false,"global_robust"
3,0.487429470,-0.004073385,0.000000000,0.000000000,0.000000000,0,1.000000000,20,0.004944673,0.141905531,0.000000000,0.000000000,0.000000000,0.000000000,0.000000000,0.000000000,0,0.000000000,0,0.000000000,0.000000000,1.000000000,0.000000000,6,79,"ConstraintPropagation:8|Cost:5|Performance:5|Refactor:24|Reliability:15|Structural:22",1.614677072,6,20,2.226165771,6.076382160,0.000000000,577.960021973,13.376000404,576.080017090,594.460998535,0.877300024,0.000000000,1.000000000,0.996079981,0.014550000,0.000000000,0.000000000,0.000600000,2.884950638,false,"global_robust"
4,0.483474255,-0.003955205,0.000000000,0.000000000,0.000000000,0,1.000000000,13,0.013332050,0.428569585,0.000000000,0.000000000,0.000000000,0.000000000,0.000000000,0.000000000,0,0.000000000,0,0.000000000,0.000000000,1.000000000,0.000000000,6,79,"ConstraintPropagation:8|Cost:4|Performance:5|Refactor:26|Reliability:15|Structural:21",1.591041088,6,13,3.960354090,9.757323265,0.499999970,559.586975098,13.208999634,557.663024902,576.088012695,0.877300024,0.000000000,1.000000000,0.995999992,0.029100001,0.000000000,0.000000000,0.000680000,2.884950638,false,"global_robust"
5,0.479696482,-0.003777774,0.000000000,0.000000000,0.000000000,0,1.000000000,1,0.000000000,1.000000000,0.000000000,0.000000000,0.000000000,0.000000000,0.000000000,0.000000000,0,0.000000000,0,0.000000000,0.000000000,1.000000000,0.000000000,6,76,"ConstraintPropagation:7|Cost:3|Performance:5|Refactor:28|Reliability:15|Structural:18",1.555554867,6,1,0.000000000,0.000000000,0.000000000,479.998992920,13.375000000,478.041992188,496.458007812,0.883899987,0.000000000,1.000000000,0.995999992,0.027235715,0.000000000,0.000000000,0.000840000,2.884950638,false,"global_robust"
6,0.483696491,0.004000000,0.000000000,0.000000000,0.000000000,0,1.000000000,2,0.039999999,0.500000000,0.000000000,0.000000000,0.000000000,0.000000000,0.000000000,0.000000000,0,0.000000000,0,0.000000000,0.000000000,1.000000000,0.000000000,1,2,"Reliability:2",-0.000000000,1,2,40.019329071,0.000000000,0.499999970,14.291999817,1.082999945,14.123999596,15.583999634,0.883899987,0.000000000,1.000000000,0.995999992,0.027235715,0.000000000,0.000000000,0.000840000,2.884950638,false,"global_robust"
7,0.480737805,-0.002958699,0.000000000,0.000000000,0.000000000,0,1.000000000,3,0.044786695,0.790463269,0.000000000,0.000000000,0.000000000,0.000000000,0.000000000,0.000000000,0,0.000000000,0,0.000000000,0.000000000,1.000000000,0.000000000,5,16,"ConstraintPropagation:1|Performance:1|Refactor:6|Reliability:5|Structural:3",1.391739726,5,3,11.648814201,20.176338196,0.499999970,113.541999817,7.333000183,112.499000549,122.626998901,0.883899987,0.000000000,1.000000000,0.996079981,0.027235715,0.000000000,0.000000000,0.000760000,2.884950638,false,"global_robust"
8,0.477483779,-0.003254025,0.000000000,0.000000000,0.000000000,0,1.000000000,6,0.017593607,0.814087033,0.000000000,0.000000000,0.000000000,0.000000000,0.000000000,0.000000000,0,0.000000000,0,0.000000000,0.000000000,1.000000000,0.000000000,5,28,"ConstraintPropagation:2|Performance:2|Refactor:8|Reliability:8|Structural:8",1.450805068,5,6,9.417689323,12.929693222,0.999999881,200.667999268,11.630000114,198.873992920,214.787994385,0.883899987,0.000000000,1.000000000,0.996079981,0.035250001,0.000000000,0.000000000,0.001200000,2.884950638,false,"global_robust"
9,0.473930478,-0.003553294,0.000000000,0.000000000,0.000000000,0,1.000000000,8,0.000559619,0.710441530,0.000000000,0.000000000,0.000000000,0.000000000,0.000000000,0.000000000,0,0.000000000,0,0.000000000,0.000000000,1.000000000,0.000000000,6,56,"ConstraintPropagation:4|Cost:1|Performance:4|Refactor:18|Reliability:13|Structural:16",1.510658741,6,8,2.884950638,8.126798630,0.999993801,237.123992920,11.456999779,235.375000000,251.292007446,0.883899987,0.000000000,1.000000000,0.996159971,0.036600001,0.000000000,0.000000000,0.001280000,2.884950638,false,"global_robust"
10,0.470946193,-0.002984297,0.000000000,0.000000000,0.000000000,0,1.000000000,8,0.000796998,0.585259974,0.000000000,0.000000000,0.000000000,0.000000000,0.000000000,0.000000000,0,0.000000000,0,0.000000000,0.000000000,1.000000000,0.000000000,6,50,"ConstraintPropagation:4|Cost:2|Performance:4|Refactor:26|Reliability:10|Structural:4",1.396859288,6,8,2.633270264,7.421111584,0.999992430,218.708999634,11.458000183,217.123001099,232.878005981,0.907750010,0.000000000,0.997706711,0.996760011,0.045000002,0.000000000,0.002293274,0.001280000,2.884950638,false,"global_robust"
11,0.468035817,-0.002910350,0.000000000,0.000000000,0.000000000,0,1.000000000,8,0.000793789,0.708661377,0.000000000,0.000000000,0.000000000,0.000000000,0.000000000,0.000000000,0,0.000000000,0,0.000000000,0.000000000,1.000000000,0.000000000,6,43,"ConstraintPropagation:3|Cost:2|Performance:3|Refactor:22|Reliability:10|Structural:3",1.382070065,6,8,0.005549882,0.010276385,0.999992430,245.542007446,11.501000404,243.955001831,259.919006348,0.907750010,0.000000000,0.997706711,0.996760011,0.045000002,0.000000000,0.002293274,0.001280000,2.884950638,true,"global_robust"
12,0.465051532,-0.002984297,0.000000000,0.000000000,0.000000000,0,1.000000000,12,0.000563459,0.699216187,0.000000000,0.000000000,0.000000000,0.000000000,0.000000000,0.000000000,0,0.000000000,0,0.000000000,0.000000000,1.000000000,0.000000000,6,50,"ConstraintPropagation:4|Cost:2|Performance:4|Refactor:26|Reliability:10|Structural:4",1.396859288,6,12,0.005549882,0.010040115,0.999992430,242.041000366,11.413000107,240.546005249,256.164001465,0.907750010,0.000000000,0.997706711,0.996760011,0.045000002,0.000000000,0.002293274,0.001280000,2.884950638,true,"global_robust"
13,0.462067246,-0.002984297,0.000000000,0.000000000,0.000000000,0,1.000000000,6,0.001801527,0.759903014,0.000000000,0.000000000,0.000000000,0.000000000,0.000000000,0.000000000,0,0.000000000,0,0.000000000,0.000000000,1.000000000,0.000000000,6,50,"ConstraintPropagation:4|Cost:2|Performance:4|Refactor:26|Reliability:10|Structural:4",1.396859288,6,6,10.503481865,11.497884750,0.999992430,218.998992920,11.500000000,217.333999634,233.207992554,0.907750010,0.000000000,0.997706711,0.996760011,0.045000002,0.000000000,0.002293274,0.001280000,2.884950638,false,"global_robust"
14,0.459392726,-0.002674504,0.000000000,0.000000000,0.000000000,0,1.000000000,12,0.000389042,0.671290040,0.000000000,0.000000000,0.000000000,0.000000000,0.000000000,0.000000000,0,0.000000000,0,0.000000000,0.000000000,1.000000000,0.000000000,6,42,"ConstraintPropagation:3|Cost:1|Performance:3|Refactor:22|Reliability:10|Structural:3",1.334900737,6,12,1.751813650,6.061472893,0.999992430,211.410995483,10.831999779,209.957000732,224.871002197,0.907750010,0.000000000,0.997706711,0.996760011,0.045000002,0.000000000,0.002293274,0.001280000,2.884950638,false,"global_robust"
15,0.456718236,-0.002674504,0.000000000,0.000000000,0.000000000,0,1.000000000,8,0.000172473,0.803720474,0.000000000,0.000000000,0.000000000,0.000000000,0.000000000,0.000000000,0,0.000000000,0,0.000000000,0.000000000,1.000000000,0.000000000,6,42,"ConstraintPropagation:3|Cost:1|Performance:3|Refactor:22|Reliability:10|Structural:3",1.334900737,6,8,5.255440712,9.717488289,0.999992430,182.873992920,10.083999634,181.455001831,195.667999268,0.907750010,0.000000000,0.997706711,0.996760011,0.045000002,0.000000000,0.002293274,0.001280000,2.884950638,false,"global_robust"
16,0.454043716,-0.002674504,0.000000000,0.000000000,0.000000000,0,1.000000000,6,0.001372512,0.746384501,0.000000000,0.000000000,0.000000000,0.000000000,0.000000000,0.000000000,0,0.000000000,0,0.000000000,0.000000000,1.000000000,0.000000000,6,42,"ConstraintPropagation:3|Cost:1|Performance:3|Refactor:22|Reliability:10|Structural:3",1.334900737,6,6,7.007254601,10.838400841,0.999992430,182.707992554,10.085000038,181.126007080,195.207992554,0.907750010,0.000000000,0.997706711,0.996760011,0.045000002,0.000000000,0.002293274,0.001280000,2.884950638,false,"global_robust"
17,0.451369226,-0.002674504,0.000000000,0.000000000,0.000000000,0,1.000000000,6,0.000563195,0.846511781,0.000000000,0.000000000,0.000000000,0.000000000,0.000000000,0.000000000,0,0.000000000,0,0.000000000,0.000000000,1.000000000,0.000000000,6,42,"ConstraintPropagation:3|Cost:1|Performance:3|Refactor:22|Reliability:10|Structural:3",1.334900737,6,6,3.758580685,9.195734024,0.499992460,205.710006714,10.788999557,204.373992920,218.828994751,0.907750010,0.000000000,0.997706711,0.996760011,0.045000002,0.000000000,0.002293274,0.001280000,2.884950638,false,"global_robust"
18,0.448601127,-0.002768092,0.000000000,0.000000000,0.000000000,0,1.000000000,5,0.001347026,0.879834712,0.000000000,0.000000000,0.000000000,0.000000000,0.000000000,0.000000000,0,0.000000000,0,0.000000000,0.000000000,1.000000000,0.000000000,6,49,"ConstraintPropagation:4|Cost:1|Performance:4|Refactor:26|Reliability:10|Structural:4",1.353618383,6,5,4.505856991,10.075402260,0.499992460,239.623992920,12.331999779,236.916000366,256.419006348,0.907750010,0.000000000,0.997706711,0.996760011,0.045000002,0.000000000,0.002293274,0.001280000,2.884950638,false,"global_robust"
19,0.445616841,-0.002984297,0.000000000,0.000000000,0.000000000,0,1.000000000,12,0.001356469,0.877288759,0.000000000,0.000000000,0.000000000,0.000000000,0.000000000,0.000000000,0,0.000000000,0,0.000000000,0.000000000,1.000000000,0.000000000,6,50,"ConstraintPropagation:4|Cost:2|Performance:4|Refactor:26|Reliability:10|Structural:4",1.396859288,6,12,0.000000000,0.000000000,0.499992460,218.789993286,12.250000000,216.123992920,235.626007080,0.907750010,0.000000000,0.997706711,0.996760011,0.045000002,0.000000000,0.002293274,0.001280000,2.884950638,true,"global_robust"
20,0.442942321,-0.002674504,0.000000000,0.000000000,0.000000000,0,1.000000000,8,0.001501472,0.863064528,0.000000000,0.000000000,0.000000000,0.000000000,0.000000000,0.000000000,0,0.000000000,0,0.000000000,0.000000000,1.000000000,0.000000000,6,42,"ConstraintPropagation:3|Cost:1|Performance:3|Refactor:22|Reliability:10|Structural:3",1.334900737,6,8,0.000000000,0.000000000,0.499992460,199.208999634,12.208000183,196.417999268,215.958999634,0.907750010,0.000000000,0.997706711,0.996760011,0.045000002,0.000000000,0.002293274,0.001280000,2.884950638,true,"global_robust"
21,0.440267831,-0.002674504,0.000000000,0.000000000,0.000000000,0,1.000000000,9,0.001390963,0.863307416,0.000000000,0.000000000,0.000000000,0.000000000,0.000000000,0.000000000,0,0.000000000,0,0.000000000,0.000000000,1.000000000,0.000000000,6,42,"ConstraintPropagation:3|Cost:1|Performance:3|Refactor:22|Reliability:10|Structural:3",1.334900737,6,9,0.000000000,0.000000000,0.499992460,208.500000000,12.251999855,205.792999268,225.167007446,0.907750010,0.000000000,0.997706711,0.996760011,0.045000002,0.000000000,0.002293274,0.001280000,2.884950638,true,"global_robust"
22,0.437593311,-0.002674504,0.000000000,0.000000000,0.000000000,0,1.000000000,9,0.001389700,0.863415778,0.000000000,0.000000000,0.000000000,0.000000000,0.000000000,0.000000000,0,0.000000000,0,0.000000000,0.000000000,1.000000000,0.000000000,6,42,"ConstraintPropagation:3|Cost:1|Performance:3|Refactor:22|Reliability:10|Structural:3",1.334900737,6,9,0.000000000,0.000000000,0.499992460,197.958999634,12.253000259,195.457992554,214.583999634,0.907750010,0.000000000,0.997706711,0.996760011,0.045000002,0.000000000,0.002293274,0.001280000,2.884950638,true,"global_robust"
23,0.434918821,-0.002674504,0.000000000,0.000000000,0.000000000,0,1.000000000,9,0.001388453,0.863523543,0.000000000,0.000000000,0.000000000,0.000000000,0.000000000,0.000000000,0,0.000000000,0,0.000000000,0.000000000,1.000000000,0.000000000,6,42,"ConstraintPropagation:3|Cost:1|Performance:3|Refactor:22|Reliability:10|Structural:3",1.334900737,6,9,0.000000000,0.000000000,0.499992460,214.832992554,12.123999596,212.167007446,231.414993286,0.907750010,0.000000000,0.997706711,0.996760011,0.045000002,0.000000000,0.002293274,0.001280000,2.884950638,true,"global_robust"
24,0.432244301,-0.002674504,0.000000000,0.000000000,0.000000000,0,1.000000000,9,0.001387219,0.863630474,0.000000000,0.000000000,0.000000000,0.000000000,0.000000000,0.000000000,0,0.000000000,0,0.000000000,0.000000000,1.000000000,0.000000000,6,42,"ConstraintPropagation:3|Cost:1|Performance:3|Refactor:22|Reliability:10|Structural:3",1.334900737,6,9,0.000000000,0.000000000,0.499992460,164.169006348,10.166000366,162.044006348,178.332992554,0.907750010,0.000000000,0.997706711,0.996760011,0.045000002,0.000000000,0.002293274,0.001280000,2.884950638,true,"global_robust"
25,0.429569811,-0.002674504,0.000000000,0.000000000,0.000000000,0,1.000000000,9,0.001386008,0.863737762,0.000000000,0.000000000,0.000000000,0.000000000,0.000000000,0.000000000,0,0.000000000,0,0.000000000,0.000000000,1.000000000,0.000000000,6,42,"ConstraintPropagation:3|Cost:1|Performance:3|Refactor:22|Reliability:10|Structural:3",1.334900737,6,9,0.000000000,0.000000000,0.499992460,177.832992554,10.126000404,175.544998169,191.871994019,0.907750010,0.000000000,0.997706711,0.996760011,0.045000002,0.000000000,0.002293274,0.001280000,2.884950638,true,"global_robust"
26,0.426895320,-0.002674504,0.000000000,0.000000000,0.000000000,0,1.000000000,9,0.001384806,0.863844454,0.000000000,0.000000000,0.000000000,0.000000000,0.000000000,0.000000000,0,0.000000000,0,0.000000000,0.000000000,1.000000000,0.000000000,6,42,"ConstraintPropagation:3|Cost:1|Performance:3|Refactor:22|Reliability:10|Structural:3",1.334900737,6,9,0.000000000,0.000000000,0.499992460,174.666000366,10.000000000,172.416000366,188.710006714,0.907750010,0.000000000,0.997706711,0.996760011,0.045000002,0.000000000,0.002293274,0.001280000,2.884950638,true,"global_robust"
27,0.424220800,-0.002674504,0.000000000,0.000000000,0.000000000,0,1.000000000,13,0.001214387,0.844287992,0.000000000,0.000000000,0.000000000,0.000000000,0.000000000,0.000000000,0,0.000000000,0,0.000000000,0.000000000,1.000000000,0.000000000,6,42,"ConstraintPropagation:3|Cost:1|Performance:3|Refactor:22|Reliability:10|Structural:3",1.334900737,6,13,0.000000000,0.000000000,0.499992460,177.123992920,10.208999634,174.835998535,191.080001831,0.907750010,0.000000000,0.997706711,0.996760011,0.045000002,0.000000000,0.002293274,0.001280000,2.884950638,true,"global_robust"
28,0.421546310,-0.002674504,0.000000000,0.000000000,0.000000000,0,1.000000000,9,0.001382458,0.864056408,0.000000000,0.000000000,0.000000000,0.000000000,0.000000000,0.000000000,0,0.000000000,0,0.000000000,0.000000000,1.000000000,0.000000000,6,42,"ConstraintPropagation:3|Cost:1|Performance:3|Refactor:22|Reliability:10|Structural:3",1.334900737,6,9,0.000000000,0.000000000,0.499992460,169.542007446,10.253000259,167.210998535,183.537002563,0.907750010,0.000000000,0.997706711,0.996760011,0.045000002,0.000000000,0.002293274,0.001280000,2.884950638,true,"global_robust"
29,0.418871790,-0.002674504,0.000000000,0.000000000,0.000000000,0,1.000000000,9,0.001381313,0.864161968,0.000000000,0.000000000,0.000000000,0.000000000,0.000000000,0.000000000,0,0.000000000,0,0.000000000,0.000000000,1.000000000,0.000000000,6,42,"ConstraintPropagation:3|Cost:1|Performance:3|Refactor:22|Reliability:10|Structural:3",1.334900737,6,9,0.000000000,0.000000000,0.499992460,169.667007446,10.333000183,167.625000000,183.998992920,0.907750010,0.000000000,0.997706711,0.996760011,0.045000002,0.000000000,0.002293274,0.001280000,2.884950638,true,"global_robust"
30,0.416197300,-0.002674504,0.000000000,0.000000000,0.000000000,0,1.000000000,10,0.001553669,0.855738044,0.000000000,0.000000000,0.000000000,0.000000000,0.000000000,0.000000000,0,0.000000000,0,0.000000000,0.000000000,1.000000000,0.000000000,6,42,"ConstraintPropagation:3|Cost:1|Performance:3|Refactor:22|Reliability:10|Structural:3",1.334900737,6,10,0.000000000,0.000000000,0.499992460,170.583999634,10.418000221,168.289993286,184.750000000,0.907750010,0.000000000,0.997706711,0.996760011,0.045000002,0.000000000,0.002293274,0.001280000,2.884950638,true,"global_robust"
31,0.413522780,-0.002674504,0.000000000,0.000000000,0.000000000,0,1.000000000,13,0.001210100,0.844145179,0.000000000,0.000000000,0.000000000,0.000000000,0.000000000,0.000000000,0,0.000000000,0,0.000000000,0.000000000,1.000000000,0.000000000,6,42,"ConstraintPropagation:3|Cost:1|Performance:3|Refactor:22|Reliability:10|Structural:3",1.334900737,6,13,0.000000000,0.000000000,0.499992460,167.833999634,10.333999634,165.248992920,181.705001831,0.907750010,0.000000000,0.997706711,0.996760011,0.045000002,0.000000000,0.002293274,0.001280000,2.884950638,true,"global_robust"
32,0.410848290,-0.002674504,0.000000000,0.000000000,0.000000000,0,1.000000000,9,0.001377966,0.864477098,0.000000000,0.000000000,0.000000000,0.000000000,0.000000000,0.000000000,0,0.000000000,0,0.000000000,0.000000000,1.000000000,0.000000000,6,42,"ConstraintPropagation:3|Cost:1|Performance:3|Refactor:22|Reliability:10|Structural:3",1.334900737,6,9,0.000000000,0.000000000,0.499992460,168.832000732,10.248999596,166.457000732,182.792999268,0.907750010,0.000000000,0.997706711,0.996760011,0.045000002,0.000000000,0.002293274,0.001280000,2.884950638,true,"global_robust"
33,0.408173770,-0.002674504,0.000000000,0.000000000,0.000000000,0,1.000000000,13,0.001208072,0.844073772,0.000000000,0.000000000,0.000000000,0.000000000,0.000000000,0.000000000,0,0.000000000,0,0.000000000,0.000000000,1.000000000,0.000000000,6,42,"ConstraintPropagation:3|Cost:1|Performance:3|Refactor:22|Reliability:10|Structural:3",1.334900737,6,13,0.000000000,0.000000000,0.499992460,173.500000000,10.126000404,171.332000732,187.626007080,0.907750010,0.000000000,0.997706711,0.996760011,0.045000002,0.000000000,0.002293274,0.001280000,2.884950638,true,"global_robust"
34,0.405499279,-0.002674504,0.000000000,0.000000000,0.000000000,0,1.000000000,8,0.001490123,0.863789499,0.000000000,0.000000000,0.000000000,0.000000000,0.000000000,0.000000000,0,0.000000000,0,0.000000000,0.000000000,1.000000000,0.000000000,6,42,"ConstraintPropagation:3|Cost:1|Performance:3|Refactor:22|Reliability:10|Structural:3",1.334900737,6,8,0.000000000,0.000000000,0.499992460,171.623001099,10.253000259,169.251007080,185.746994019,0.907750010,0.000000000,0.997706711,0.996760011,0.045000002,0.000000000,0.002293274,0.001280000,2.884950638,true,"global_robust"
35,0.402824789,-0.002674504,0.000000000,0.000000000,0.000000000,0,1.000000000,10,0.001549877,0.856310189,0.000000000,0.000000000,0.000000000,0.000000000,0.000000000,0.000000000,0,0.000000000,0,0.000000000,0.000000000,1.000000000,0.000000000,6,42,"ConstraintPropagation:3|Cost:1|Performance:3|Refactor:22|Reliability:10|Structural:3",1.334900737,6,10,0.000000000,0.000000000,0.499992460,153.121994019,8.954999924,151.251998901,165.292999268,0.907750010,0.000000000,0.997706711,0.996760011,0.045000002,0.000000000,0.002293274,0.001280000,2.884950638,true,"global_robust"
36,0.400150269,-0.002674504,0.000000000,0.000000000,0.000000000,0,1.000000000,10,0.001549160,0.856423795,0.000000000,0.000000000,0.000000000,0.000000000,0.000000000,0.000000000,0,0.000000000,0,0.000000000,0.000000000,1.000000000,0.000000000,6,42,"ConstraintPropagation:3|Cost:1|Performance:3|Refactor:22|Reliability:10|Structural:3",1.334900737,6,10,0.000000000,0.000000000,0.499992460,145.330001831,8.831000328,143.167007446,157.294006348,0.907750010,0.000000000,0.997706711,0.996760011,0.045000002,0.000000000,0.002293274,0.001280000,2.884950638,true,"global_robust"
37,0.397475779,-0.002674504,0.000000000,0.000000000,0.000000000,0,1.000000000,13,0.001204216,0.843930483,0.000000000,0.000000000,0.000000000,0.000000000,0.000000000,0.000000000,0,0.000000000,0,0.000000000,0.000000000,1.000000000,0.000000000,6,42,"ConstraintPropagation:3|Cost:1|Performance:3|Refactor:22|Reliability:10|Structural:3",1.334900737,6,13,0.000000000,0.000000000,0.499992460,148.460998535,9.001000404,146.542007446,160.582000732,0.907750010,0.000000000,0.997706711,0.996760011,0.045000002,0.000000000,0.002293274,0.001280000,2.884950638,true,"global_robust"
38,0.394801259,-0.002674504,0.000000000,0.000000000,0.000000000,0,1.000000000,10,0.001547765,0.856649399,0.000000000,0.000000000,0.000000000,0.000000000,0.000000000,0.000000000,0,0.000000000,0,0.000000000,0.000000000,1.000000000,0.000000000,6,42,"ConstraintPropagation:3|Cost:1|Performance:3|Refactor:22|Reliability:10|Structural:3",1.334900737,6,10,0.000000000,0.000000000,0.499992460,152.748001099,8.833999634,150.750000000,164.746994019,0.907750010,0.000000000,0.997706711,0.996760011,0.045000002,0.000000000,0.002293274,0.001280000,2.884950638,true,"global_robust"
39,0.392126769,-0.002674504,0.000000000,0.000000000,0.000000000,0,1.000000000,13,0.001202396,0.843858838,0.000000000,0.000000000,0.000000000,0.000000000,0.000000000,0.000000000,0,0.000000000,0,0.000000000,0.000000000,1.000000000,0.000000000,6,42,"ConstraintPropagation:3|Cost:1|Performance:3|Refactor:22|Reliability:10|Structural:3",1.334900737,6,13,0.000000000,0.000000000,0.499992460,147.960006714,8.666999817,145.875000000,159.917999268,0.907750010,0.000000000,0.997706711,0.996760011,0.045000002,0.000000000,0.002293274,0.001280000,2.884950638,true,"global_robust"
40,0.389452249,-0.002674504,0.000000000,0.000000000,0.000000000,0,1.000000000,11,0.001150293,0.853485882,0.000000000,0.000000000,0.000000000,0.000000000,0.000000000,0.000000000,0,0.000000000,0,0.000000000,0.000000000,1.000000000,0.000000000,6,42,"ConstraintPropagation:3|Cost:1|Performance:3|Refactor:22|Reliability:10|Structural:3",1.334900737,6,11,0.000000000,0.000000000,0.499992460,147.751998901,8.708000183,145.750000000,159.835998535,0.907750010,0.000000000,0.997706711,0.996760011,0.045000002,0.000000000,0.002293274,0.001280000,2.884950638,true,"global_robust"
41,0.386777759,-0.002674504,0.000000000,0.000000000,0.000000000,0,1.000000000,10,0.001545783,0.856985629,0.000000000,0.000000000,0.000000000,0.000000000,0.000000000,0.000000000,0,0.000000000,0,0.000000000,0.000000000,1.000000000,0.000000000,6,42,"ConstraintPropagation:3|Cost:1|Performance:3|Refactor:22|Reliability:10|Structural:3",1.334900737,6,10,0.000000000,0.000000000,0.499992460,150.830001831,8.748000145,148.832000732,162.921005249,0.907750010,0.000000000,0.997706711,0.996760011,0.045000002,0.000000000,0.002293274,0.001280000,2.884950638,true,"global_robust"
42,0.384103239,-0.002674504,0.000000000,0.000000000,0.000000000,0,1.000000000,12,0.001232409,0.841059685,0.000000000,0.000000000,0.000000000,0.000000000,0.000000000,0.000000000,0,0.000000000,0,0.000000000,0.000000000,1.000000000,0.000000000,6,42,"ConstraintPropagation:3|Cost:1|Performance:3|Refactor:22|Reliability:10|Structural:3",1.334900737,6,12,0.000000000,0.000000000,0.499992460,144.294998169,8.831999779,142.250000000,156.462997437,0.907750010,0.000000000,0.997706711,0.996760011,0.045000002,0.000000000,0.002293274,0.001280000,2.884950638,true,"global_robust"
43,0.381428748,-0.002674504,0.000000000,0.000000000,0.000000000,0,1.000000000,12,0.001295600,0.847462714,0.000000000,0.000000000,0.000000000,0.000000000,0.000000000,0.000000000,0,0.000000000,0,0.000000000,0.000000000,1.000000000,0.000000000,6,42,"ConstraintPropagation:3|Cost:1|Performance:3|Refactor:22|Reliability:10|Structural:3",1.334900737,6,12,0.000000000,0.000000000,0.499992460,149.708999634,8.831999779,147.625000000,161.832992554,0.907750010,0.000000000,0.997706711,0.996760011,0.045000002,0.000000000,0.002293274,0.001280000,2.884950638,true,"global_robust"
44,0.378754228,-0.002674504,0.000000000,0.000000000,0.000000000,0,1.000000000,8,0.001483758,0.864283681,0.000000000,0.000000000,0.000000000,0.000000000,0.000000000,0.000000000,0,0.000000000,0,0.000000000,0.000000000,1.000000000,0.000000000,6,42,"ConstraintPropagation:3|Cost:1|Performance:3|Refactor:22|Reliability:10|Structural:3",1.334900737,6,8,0.000000000,0.000000000,0.499992460,141.875000000,8.831999779,140.000000000,153.960006714,0.907750010,0.000000000,0.997706711,0.996760011,0.045000002,0.000000000,0.002293274,0.001280000,2.884950638,true,"global_robust"
45,0.376079738,-0.002674504,0.000000000,0.000000000,0.000000000,0,1.000000000,10,0.001543325,0.857428849,0.000000000,0.000000000,0.000000000,0.000000000,0.000000000,0.000000000,0,0.000000000,0,0.000000000,0.000000000,1.000000000,0.000000000,6,42,"ConstraintPropagation:3|Cost:1|Performance:3|Refactor:22|Reliability:10|Structural:3",1.334900737,6,10,0.000000000,0.000000000,0.499992460,149.832000732,8.751999855,147.748992920,161.789001465,0.907750010,0.000000000,0.997706711,0.996760011,0.045000002,0.000000000,0.002293274,0.001280000,2.884950638,true,"global_robust"
46,0.373405248,-0.002674504,0.000000000,0.000000000,0.000000000,0,1.000000000,13,0.001196555,0.843607366,0.000000000,0.000000000,0.000000000,0.000000000,0.000000000,0.000000000,0,0.000000000,0,0.000000000,0.000000000,1.000000000,0.000000000,6,42,"ConstraintPropagation:3|Cost:1|Performance:3|Refactor:22|Reliability:10|Structural:3",1.334900737,6,13,0.000000000,0.000000000,0.499992460,134.460006714,7.790999889,132.496002197,144.962997437,0.907750010,0.000000000,0.997706711,0.996760011,0.045000002,0.000000000,0.002293274,0.001280000,2.884950638,true,"global_robust"
47,0.370730728,-0.002674504,0.000000000,0.000000000,0.000000000,0,1.000000000,13,0.001195784,0.843571007,0.000000000,0.000000000,0.000000000,0.000000000,0.000000000,0.000000000,0,0.000000000,0,0.000000000,0.000000000,1.000000000,0.000000000,6,42,"ConstraintPropagation:3|Cost:1|Performance:3|Refactor:22|Reliability:10|Structural:3",1.334900737,6,13,0.000000000,0.000000000,0.499992460,129.875000000,7.870999813,128.001007080,140.748001099,0.907750010,0.000000000,0.997706711,0.996760011,0.045000002,0.000000000,0.002293274,0.001280000,2.884950638,true,"global_robust"
48,0.368056238,-0.002674504,0.000000000,0.000000000,0.000000000,0,1.000000000,12,0.001054062,0.848608673,0.000000000,0.000000000,0.000000000,0.000000000,0.000000000,0.000000000,0,0.000000000,0,0.000000000,0.000000000,1.000000000,0.000000000,6,42,"ConstraintPropagation:3|Cost:1|Performance:3|Refactor:22|Reliability:10|Structural:3",1.334900737,6,12,0.000000000,0.000000000,0.499992460,127.334999084,7.956999779,125.622001648,138.212005615,0.907750010,0.000000000,0.997706711,0.996760011,0.045000002,0.000000000,0.002293274,0.001280000,2.884950638,true,"global_robust"
49,0.365381718,-0.002674504,0.000000000,0.000000000,0.000000000,0,1.000000000,11,0.001139134,0.853366971,0.000000000,0.000000000,0.000000000,0.000000000,0.000000000,0.000000000,0,0.000000000,0,0.000000000,0.000000000,1.000000000,0.000000000,6,42,"ConstraintPropagation:3|Cost:1|Performance:3|Refactor:22|Reliability:10|Structural:3",1.334900737,6,11,0.000000000,0.000000000,0.499992460,132.835006714,7.626999855,130.789001465,143.126007080,0.907750010,0.000000000,0.997706711,0.996760011,0.045000002,0.000000000,0.002293274,0.001280000,2.884950638,true,"global_robust"
50,0.362707227,-0.002674504,0.000000000,0.000000000,0.000000000,0,1.000000000,8,0.001480588,0.864570200,0.000000000,0.000000000,0.000000000,0.000000000,0.000000000,0.000000000,0,0.000000000,0,0.000000000,0.000000000,1.000000000,0.000000000,6,42,"ConstraintPropagation:3|Cost:1|Performance:3|Refactor:22|Reliability:10|Structural:3",1.334900737,6,8,0.000000000,0.000000000,0.499992460,128.042999268,7.665999889,126.125000000,138.662994385,0.907750010,0.000000000,0.997706711,0.996760011,0.045000002,0.000000000,0.002293274,0.001280000,2.884950638,true,"global_robust"
51,0.360032707,-0.002674504,0.000000000,0.000000000,0.000000000,0,1.000000000,10,0.001540035,0.858084619,0.000000000,0.000000000,0.000000000,0.000000000,0.000000000,0.000000000,0,0.000000000,0,0.000000000,0.000000000,1.000000000,0.000000000,6,42,"ConstraintPropagation:3|Cost:1|Performance:3|Refactor:22|Reliability:10|Structural:3",1.334900737,6,10,0.000000000,0.000000000,0.499992460,133.373992920,7.915999889,131.583999634,144.125000000,0.907750010,0.000000000,0.997706711,0.996760011,0.045000002,0.000000000,0.002293274,0.001280000,2.884950638,true,"global_robust"
52,0.357358217,-0.002674504,0.000000000,0.000000000,0.000000000,0,1.000000000,10,0.001539529,0.858192086,0.000000000,0.000000000,0.000000000,0.000000000,0.000000000,0.000000000,0,0.000000000,0,0.000000000,0.000000000,1.000000000,0.000000000,6,42,"ConstraintPropagation:3|Cost:1|Performance:3|Refactor:22|Reliability:10|Structural:3",1.334900737,6,10,0.000000000,0.000000000,0.499992460,131.830993652,7.749000072,129.919006348,142.623992920,0.907750010,0.000000000,0.997706711,0.996760011,0.045000002,0.000000000,0.002293274,0.001280000,2.884950638,true,"global_robust"
53,0.354683697,-0.002674504,0.000000000,0.000000000,0.000000000,0,1.000000000,9,0.001635336,0.855703235,0.000000000,0.000000000,0.000000000,0.000000000,0.000000000,0.000000000,0,0.000000000,0,0.000000000,0.000000000,1.000000000,0.000000000,6,42,"ConstraintPropagation:3|Cost:1|Performance:3|Refactor:22|Reliability:10|Structural:3",1.334900737,6,9,0.000000000,0.000000000,0.499992460,134.544006348,7.706999779,132.703994751,144.919006348,0.907750010,0.000000000,0.997706711,0.996760011,0.045000002,0.000000000,0.002293274,0.001280000,2.884950638,true,"global_robust"
54,0.352009207,-0.002674504,0.000000000,0.000000000,0.000000000,0,1.000000000,13,0.001190863,0.843318224,0.000000000,0.000000000,0.000000000,0.000000000,0.000000000,0.000000000,0,0.000000000,0,0.000000000,0.000000000,1.000000000,0.000000000,6,42,"ConstraintPropagation:3|Cost:1|Performance:3|Refactor:22|Reliability:10|Structural:3",1.334900737,6,13,0.000000000,0.000000000,0.499992460,128.248001099,7.711999893,126.584999084,138.789993286,0.907750010,0.000000000,0.997706711,0.996760011,0.045000002,0.000000000,0.002293274,0.001280000,2.884950638,true,"global_robust"
55,0.349334687,-0.002674504,0.000000000,0.000000000,0.000000000,0,1.000000000,12,0.001287278,0.847513020,0.000000000,0.000000000,0.000000000,0.000000000,0.000000000,0.000000000,0,0.000000000,0,0.000000000,0.000000000,1.000000000,0.000000000,6,42,"ConstraintPropagation:3|Cost:1|Performance:3|Refactor:22|Reliability:10|Structural:3",1.334900737,6,12,0.000000000,0.000000000,0.499992460,128.333999634,7.748000145,126.292999268,138.791000366,0.907750010,0.000000000,0.997706711,0.996760011,0.045000002,0.000000000,0.002293274,0.001280000,2.884950638,true,"global_robust"
56,0.346660197,-0.002674504,0.000000000,0.000000000,0.000000000,0,1.000000000,10,0.001537638,0.858621418,0.000000000,0.000000000,0.000000000,0.000000000,0.000000000,0.000000000,0,0.000000000,0,0.000000000,0.000000000,1.000000000,0.000000000,6,42,"ConstraintPropagation:3|Cost:1|Performance:3|Refactor:22|Reliability:10|Structural:3",1.334900737,6,10,0.000000000,0.000000000,0.499992460,129.126007080,7.789000034,127.165000916,139.544006348,0.907750010,0.000000000,0.997706711,0.996760011,0.045000002,0.000000000,0.002293274,0.001280000,2.884950638,true,"global_robust"
57,0.343985707,-0.002674504,0.000000000,0.000000000,0.000000000,0,1.000000000,9,0.001355386,0.866982281,0.000000000,0.000000000,0.000000000,0.000000000,0.000000000,0.000000000,0,0.000000000,0,0.000000000,0.000000000,1.000000000,0.000000000,6,42,"ConstraintPropagation:3|Cost:1|Performance:3|Refactor:22|Reliability:10|Structural:3",1.334900737,6,9,0.000000000,0.000000000,0.499992460,118.833999634,6.961999893,117.208999634,128.253997803,0.907750010,0.000000000,0.997706711,0.996760011,0.045000002,0.000000000,0.002293274,0.001280000,2.884950638,true,"global_robust"
58,0.341311187,-0.002674504,0.000000000,0.000000000,0.000000000,0,1.000000000,13,0.001188396,0.843173385,0.000000000,0.000000000,0.000000000,0.000000000,0.000000000,0.000000000,0,0.000000000,0,0.000000000,0.000000000,1.000000000,0.000000000,6,42,"ConstraintPropagation:3|Cost:1|Performance:3|Refactor:22|Reliability:10|Structural:3",1.334900737,6,13,0.000000000,0.000000000,0.499992460,111.457000732,7.041999817,109.875999451,120.959999084,0.907750010,0.000000000,0.997706711,0.996760011,0.045000002,0.000000000,0.002293274,0.001280000,2.884950638,true,"global_robust"
59,0.338636696,-0.002674504,0.000000000,0.000000000,0.000000000,0,1.000000000,10,0.001536346,0.858939528,0.000000000,0.000000000,0.000000000,0.000000000,0.000000000,0.000000000,0,0.000000000,0,0.000000000,0.000000000,1.000000000,0.000000000,6,42,"ConstraintPropagation:3|Cost:1|Performance:3|Refactor:22|Reliability:10|Structural:3",1.334900737,6,10,0.000000000,0.000000000,0.499992460,117.832000732,7.041999817,116.290000916,127.373001099,0.907750010,0.000000000,0.997706711,0.996760011,0.045000002,0.000000000,0.002293274,0.001280000,2.884950638,true,"global_robust"
60,0.335962176,-0.002674504,0.000000000,0.000000000,0.000000000,0,1.000000000,12,0.001228111,0.839595854,0.000000000,0.000000000,0.000000000,0.000000000,0.000000000,0.000000000,0,0.000000000,0,0.000000000,0.000000000,1.000000000,0.000000000,6,42,"ConstraintPropagation:3|Cost:1|Performance:3|Refactor:22|Reliability:10|Structural:3",1.334900737,6,12,0.000000000,0.000000000,0.499992460,110.250000000,6.745999813,108.624000549,119.704002380,0.907750010,0.000000000,0.997706711,0.996760011,0.045000002,0.000000000,0.002293274,0.001280000,2.884950638,true,"global_robust"
61,0.333287686,-0.002674504,0.000000000,0.000000000,0.000000000,0,1.000000000,10,0.001535548,0.859150052,0.000000000,0.000000000,0.000000000,0.000000000,0.000000000,0.000000000,0,0.000000000,0,0.000000000,0.000000000,1.000000000,0.000000000,6,42,"ConstraintPropagation:3|Cost:1|Performance:3|Refactor:22|Reliability:10|Structural:3",1.334900737,6,10,0.000000000,0.000000000,0.499992460,119.877998352,7.083000183,118.250000000,129.462005615,0.907750010,0.000000000,0.997706711,0.996760011,0.045000002,0.000000000,0.002293274,0.001280000,2.884950638,true,"global_robust"
62,0.330613166,-0.002674504,0.000000000,0.000000000,0.000000000,0,1.000000000,12,0.001227904,0.839435756,0.000000000,0.000000000,0.000000000,0.000000000,0.000000000,0.000000000,0,0.000000000,0,0.000000000,0.000000000,1.000000000,0.000000000,6,42,"ConstraintPropagation:3|Cost:1|Performance:3|Refactor:22|Reliability:10|Structural:3",1.334900737,6,12,0.000000000,0.000000000,0.499992460,110.253997803,7.039000034,108.625999451,119.833999634,0.907750010,0.000000000,0.997706711,0.996760011,0.045000002,0.000000000,0.002293274,0.001280000,2.884950638,true,"global_robust"
63,0.327938676,-0.002674504,0.000000000,0.000000000,0.000000000,0,1.000000000,10,0.001534794,0.859359145,0.000000000,0.000000000,0.000000000,0.000000000,0.000000000,0.000000000,0,0.000000000,0,0.000000000,0.000000000,1.000000000,0.000000000,6,42,"ConstraintPropagation:3|Cost:1|Performance:3|Refactor:22|Reliability:10|Structural:3",1.334900737,6,10,0.000000000,0.000000000,0.499992460,128.628997803,7.083000183,127.208999634,138.542007446,0.907750010,0.000000000,0.997706711,0.996760011,0.045000002,0.000000000,0.002293274,0.001280000,2.884950638,true,"global_robust"
64,0.325264156,-0.002674504,0.000000000,0.000000000,0.000000000,0,1.000000000,8,0.001474980,0.865213513,0.000000000,0.000000000,0.000000000,0.000000000,0.000000000,0.000000000,0,0.000000000,0,0.000000000,0.000000000,1.000000000,0.000000000,6,42,"ConstraintPropagation:3|Cost:1|Performance:3|Refactor:22|Reliability:10|Structural:3",1.334900737,6,8,0.000000000,0.000000000,0.499992460,117.039001465,7.125000000,115.459999084,126.708000183,0.907750010,0.000000000,0.997706711,0.996760011,0.045000002,0.000000000,0.002293274,0.001280000,2.884950638,true,"global_robust"
65,0.322589666,-0.002674504,0.000000000,0.000000000,0.000000000,0,1.000000000,9,0.001350020,0.867741287,0.000000000,0.000000000,0.000000000,0.000000000,0.000000000,0.000000000,0,0.000000000,0,0.000000000,0.000000000,1.000000000,0.000000000,6,42,"ConstraintPropagation:3|Cost:1|Performance:3|Refactor:22|Reliability:10|Structural:3",1.334900737,6,9,0.000000000,0.000000000,0.499992460,115.248001099,7.039000034,113.666000366,124.871002197,0.907750010,0.000000000,0.997706711,0.996760011,0.045000002,0.000000000,0.002293274,0.001280000,2.884950638,true,"global_robust"
66,0.319915175,-0.002674504,0.000000000,0.000000000,0.000000000,0,1.000000000,9,0.001349411,0.867834866,0.000000000,0.000000000,0.000000000,0.000000000,0.000000000,0.000000000,0,0.000000000,0,0.000000000,0.000000000,1.000000000,0.000000000,6,42,"ConstraintPropagation:3|Cost:1|Performance:3|Refactor:22|Reliability:10|Structural:3",1.334900737,6,9,0.000000000,0.000000000,0.499992460,111.875999451,7.080999851,110.291999817,121.496002197,0.907750010,0.000000000,0.997706711,0.996760011,0.045000002,0.000000000,0.002293274,0.001280000,2.884950638,true,"global_robust"
67,0.317240655,-0.002674504,0.000000000,0.000000000,0.000000000,0,1.000000000,10,0.001533424,0.859773517,0.000000000,0.000000000,0.000000000,0.000000000,0.000000000,0.000000000,0,0.000000000,0,0.000000000,0.000000000,1.000000000,0.000000000,6,42,"ConstraintPropagation:3|Cost:1|Performance:3|Refactor:22|Reliability:10|Structural:3",1.334900737,6,10,0.000000000,0.000000000,0.499992460,118.333000183,6.959000111,116.666000366,127.875999451,0.907750010,0.000000000,0.997706711,0.996760011,0.045000002,0.000000000,0.002293274,0.001280000,2.884950638,true,"global_robust"
68,0.314566165,-0.002674504,0.000000000,0.000000000,0.000000000,0,1.000000000,7,0.002101330,0.876836002,0.000000000,0.000000000,0.000000000,0.000000000,0.000000000,0.000000000,0,0.000000000,0,0.000000000,0.000000000,1.000000000,0.000000000,6,42,"ConstraintPropagation:3|Cost:1|Performance:3|Refactor:22|Reliability:10|Structural:3",1.334900737,6,7,0.000000000,0.000000000,0.499992460,110.833000183,6.956999779,109.166000366,120.290000916,0.907750010,0.000000000,0.997706711,0.996760011,0.045000002,0.000000000,0.002293274,0.001280000,2.884950638,true,"global_robust"
69,0.312105328,-0.002460822,0.000000000,0.000000000,0.000000000,0,1.000000000,9,0.003853638,0.885527968,0.000000000,0.000000000,0.000000000,0.000000000,0.000000000,0.000000000,0,0.000000000,0,0.000000000,0.000000000,1.000000000,0.000000000,6,35,"ConstraintPropagation:2|Cost:1|Performance:2|Refactor:18|Reliability:10|Structural:2",1.292164445,6,9,1.184806943,3.554420948,0.999999702,113.749000549,6.456999779,112.496002197,122.622001648,0.907750010,0.000000000,0.997706711,0.996760011,0.045000002,0.000000000,0.002293274,0.001280000,2.884950638,false,"global_robust"
70,0.308962673,-0.003142670,0.000000000,0.000000000,0.000000000,0,1.000000000,8,0.001283011,0.899033189,0.000000000,0.000000000,0.000000000,0.000000000,0.000000000,0.000000000,0,0.000000000,0,0.000000000,0.000000000,1.000000000,0.000000000,6,46,"ConstraintPropagation:3|Cost:2|Performance:3|Refactor:22|Reliability:11|Structural:5",1.428534031,6,8,1.439566970,4.071710110,0.999994278,126.499000549,6.293000221,124.875999451,135.085998535,0.907750010,0.000000000,0.997706711,0.996760011,0.045000002,0.000000000,0.002293274,0.001280000,2.884950638,false,"global_robust"
71,0.306052297,-0.002910350,0.000000000,0.000000000,0.000000000,0,1.000000000,9,0.001617097,0.910628617,0.000000000,0.000000000,0.000000000,0.000000000,0.000000000,0.000000000,0,0.000000000,0,0.000000000,0.000000000,1.000000000,0.000000000,6,43,"ConstraintPropagation:3|Cost:2|Performance:3|Refactor:22|Reliability:10|Structural:3",1.382070065,6,9,0.000000000,0.000000000,0.999994278,124.250999451,6.375999928,123.042999268,133.126007080,0.907750010,0.000000000,0.997706711,0.996760011,0.045000002,0.000000000,0.002293274,0.001280000,2.884950638,true,"global_robust"
72,0.303141952,-0.002910350,0.000000000,0.000000000,0.000000000,0,1.000000000,9,0.001619254,0.910976648,0.000000000,0.000000000,0.000000000,0.000000000,0.000000000,0.000000000,0,0.000000000,0,0.000000000,0.000000000,1.000000000,0.000000000,6,43,"ConstraintPropagation:3|Cost:2|Performance:3|Refactor:22|Reliability:10|Structural:3",1.382070065,6,9,0.000000000,0.000000000,0.999994278,118.459999084,6.415999889,117.083000183,127.374000549,0.907750010,0.000000000,0.997706711,0.996760011,0.045000002,0.000000000,0.002293274,0.001280000,2.884950638,true,"global_robust"
73,0.300231606,-0.002910350,0.000000000,0.000000000,0.000000000,0,1.000000000,8,0.001373488,0.900238633,0.000000000,0.000000000,0.000000000,0.000000000,0.000000000,0.000000000,0,0.000000000,0,0.000000000,0.000000000,1.000000000,0.000000000,6,43,"ConstraintPropagation:3|Cost:2|Performance:3|Refactor:22|Reliability:10|Structural:3",1.382070065,6,8,1.303111792,3.685756683,0.999994278,123.208999634,6.499000072,121.751998901,132.041000366,0.907750010,0.000000000,0.997706711,0.996760011,0.045000002,0.000000000,0.002293274,0.001280000,2.884950638,false,"global_robust"
74,0.297321260,-0.002910350,0.000000000,0.000000000,0.000000000,0,1.000000000,8,0.001823483,0.914950669,0.000000000,0.000000000,0.000000000,0.000000000,0.000000000,0.000000000,0,0.000000000,0,0.000000000,0.000000000,1.000000000,0.000000000,6,43,"ConstraintPropagation:3|Cost:2|Performance:3|Refactor:22|Reliability:10|Structural:3",1.382070065,6,8,0.000000000,0.000000000,0.999994278,119.250000000,6.580999851,117.913002014,128.037002563,0.907750010,0.000000000,0.997706711,0.996760011,0.045000002,0.000000000,0.002293274,0.001280000,2.884950638,true,"global_robust"
75,0.294410914,-0.002910350,0.000000000,0.000000000,0.000000000,0,1.000000000,9,0.001616606,0.912014067,0.000000000,0.000000000,0.000000000,0.000000000,0.000000000,0.000000000,0,0.000000000,0,0.000000000,0.000000000,1.000000000,0.000000000,6,43,"ConstraintPropagation:3|Cost:2|Performance:3|Refactor:22|Reliability:10|Structural:3",1.382070065,6,9,0.000000000,0.000000000,0.999994278,124.625000000,6.415999889,123.291000366,133.458999634,0.907750010,0.000000000,0.997706711,0.996760011,0.045000002,0.000000000,0.002293274,0.001280000,2.884950638,true,"global_robust"
76,0.291500568,-0.002910350,0.000000000,0.000000000,0.000000000,0,1.000000000,9,0.001627884,0.912358165,0.000000000,0.000000000,0.000000000,0.000000000,0.000000000,0.000000000,0,0.000000000,0,0.000000000,0.000000000,1.000000000,0.000000000,6,43,"ConstraintPropagation:3|Cost:2|Performance:3|Refactor:22|Reliability:10|Structural:3",1.382070065,6,9,0.000000000,0.000000000,0.999994278,120.666000366,6.749000072,119.208999634,129.539993286,0.907750010,0.000000000,0.997706711,0.996760011,0.045000002,0.000000000,0.002293274,0.001280000,2.884950638,true,"global_robust"
77,0.288590223,-0.002910350,0.000000000,0.000000000,0.000000000,0,1.000000000,9,0.001620906,0.912702620,0.000000000,0.000000000,0.000000000,0.000000000,0.000000000,0.000000000,0,0.000000000,0,0.000000000,0.000000000,1.000000000,0.000000000,6,43,"ConstraintPropagation:3|Cost:2|Performance:3|Refactor:22|Reliability:10|Structural:3",1.382070065,6,9,0.000000000,0.000000000,0.999994278,120.916000366,6.416999817,119.332000732,129.498992920,0.907750010,0.000000000,0.997706711,0.996760011,0.045000002,0.000000000,0.002293274,0.001280000,2.884950638,true,"global_robust"
78,0.285679847,-0.002910350,0.000000000,0.000000000,0.000000000,0,1.000000000,9,0.001635632,0.913044512,0.000000000,0.000000000,0.000000000,0.000000000,0.000000000,0.000000000,0,0.000000000,0,0.000000000,0.000000000,1.000000000,0.000000000,6,43,"ConstraintPropagation:3|Cost:2|Performance:3|Refactor:22|Reliability:10|Structural:3",1.382070065,6,9,0.000000000,0.000000000,0.999994278,126.289001465,6.375000000,124.874000549,135.253005981,0.907750010,0.000000000,0.997706711,0.996760011,0.045000002,0.000000000,0.002293274,0.001280000,2.884950638,true,"global_robust"
79,0.282769501,-0.002910350,0.000000000,0.000000000,0.000000000,0,1.000000000,9,0.001625207,0.913386464,0.000000000,0.000000000,0.000000000,0.000000000,0.000000000,0.000000000,0,0.000000000,0,0.000000000,0.000000000,1.000000000,0.000000000,6,43,"ConstraintPropagation:3|Cost:2|Performance:3|Refactor:22|Reliability:10|Structural:3",1.382070065,6,9,0.000000000,0.000000000,0.999994278,130.167999268,6.460000038,129.001007080,139.251998901,0.907750010,0.000000000,0.997706711,0.996760011,0.045000002,0.000000000,0.002293274,0.001280000,2.884950638,true,"global_robust"
80,0.279859155,-0.002910350,0.000000000,0.000000000,0.000000000,0,1.000000000,9,0.001636531,0.913727045,0.000000000,0.000000000,0.000000000,0.000000000,0.000000000,0.000000000,0,0.000000000,0,0.000000000,0.000000000,1.000000000,0.000000000,6,43,"ConstraintPropagation:3|Cost:2|Performance:3|Refactor:22|Reliability:10|Structural:3",1.382070065,6,9,0.000000000,0.000000000,0.999994278,114.666000366,5.956999779,113.294998169,122.873001099,0.907750010,0.000000000,0.997706711,0.996760011,0.045000002,0.000000000,0.002293274,0.001280000,2.884950638,true,"global_robust"
81,0.276948810,-0.002910350,0.000000000,0.000000000,0.000000000,0,1.000000000,9,0.001642134,0.914067864,0.000000000,0.000000000,0.000000000,0.000000000,0.000000000,0.000000000,0,0.000000000,0,0.000000000,0.000000000,1.000000000,0.000000000,6,43,"ConstraintPropagation:3|Cost:2|Performance:3|Refactor:22|Reliability:10|Structural:3",1.382070065,6,9,0.000000000,0.000000000,0.999994278,114.625999451,6.000000000,113.166000366,122.707000732,0.907750010,0.000000000,0.997706711,0.996760011,0.045000002,0.000000000,0.002293274,0.001280000,2.884950638,true,"global_robust"
82,0.274038464,-0.002910350,0.000000000,0.000000000,0.000000000,0,1.000000000,9,0.001631666,0.914407074,0.000000000,0.000000000,0.000000000,0.000000000,0.000000000,0.000000000,0,0.000000000,0,0.000000000,0.000000000,1.000000000,0.000000000,6,43,"ConstraintPropagation:3|Cost:2|Performance:3|Refactor:22|Reliability:10|Structural:3",1.382070065,6,9,0.000000000,0.000000000,0.999994278,112.583999634,5.914999962,111.124000549,120.667999268,0.907750010,0.000000000,0.997706711,0.996760011,0.045000002,0.000000000,0.002293274,0.001280000,2.884950638,true,"global_robust"
83,0.271128118,-0.002910350,0.000000000,0.000000000,0.000000000,0,1.000000000,9,0.001646467,0.914744854,0.000000000,0.000000000,0.000000000,0.000000000,0.000000000,0.000000000,0,0.000000000,0,0.000000000,0.000000000,1.000000000,0.000000000,6,43,"ConstraintPropagation:3|Cost:2|Performance:3|Refactor:22|Reliability:10|Structural:3",1.382070065,6,9,0.000000000,0.000000000,0.999994278,118.000000000,5.918000221,116.625999451,125.998001099,0.907750010,0.000000000,0.997706711,0.996760011,0.045000002,0.000000000,0.002293274,0.001280000,2.884950638,true,"global_robust"
84,0.268217742,-0.002910350,0.000000000,0.000000000,0.000000000,0,1.000000000,8,0.001396205,0.904467940,0.000000000,0.000000000,0.000000000,0.000000000,0.000000000,0.000000000,0,0.000000000,0,0.000000000,0.000000000,1.000000000,0.000000000,6,43,"ConstraintPropagation:3|Cost:2|Performance:3|Refactor:22|Reliability:10|Structural:3",1.382070065,6,8,1.439566970,4.071710110,0.999994278,118.625999451,5.955999851,117.247001648,126.752998352,0.907750010,0.000000000,0.997706711,0.996760011,0.045000002,0.000000000,0.002293274,0.001280000,2.884950638,false,"global_robust"
85,0.265307397,-0.002910350,0.000000000,0.000000000,0.000000000,0,1.000000000,8,0.001934142,0.918249846,0.000000000,0.000000000,0.000000000,0.000000000,0.000000000,0.000000000,0,0.000000000,0,0.000000000,0.000000000,1.000000000,0.000000000,6,43,"ConstraintPropagation:3|Cost:2|Performance:3|Refactor:22|Reliability:10|Structural:3",1.382070065,6,8,0.000000000,0.000000000,0.999994278,138.958999634,5.960000038,137.826004028,147.212005615,0.907750010,0.000000000,0.997706711,0.996760011,0.045000002,0.000000000,0.002293274,0.001280000,2.884950638,true,"global_robust"
86,0.262397051,-0.002910350,0.000000000,0.000000000,0.000000000,0,1.000000000,8,0.001855415,0.918545604,0.000000000,0.000000000,0.000000000,0.000000000,0.000000000,0.000000000,0,0.000000000,0,0.000000000,0.000000000,1.000000000,0.000000000,6,43,"ConstraintPropagation:3|Cost:2|Performance:3|Refactor:22|Reliability:10|Structural:3",1.382070065,6,8,0.000000000,0.000000000,0.999994278,114.874000549,6.083000183,113.583000183,123.041000366,0.907750010,0.000000000,0.997706711,0.996760011,0.045000002,0.000000000,0.002293274,0.001280000,2.884950638,true,"global_robust"
87,0.259486705,-0.002910350,0.000000000,0.000000000,0.000000000,0,1.000000000,9,0.001651687,0.916090369,0.000000000,0.000000000,0.000000000,0.000000000,0.000000000,0.000000000,0,0.000000000,0,0.000000000,0.000000000,1.000000000,0.000000000,6,43,"ConstraintPropagation:3|Cost:2|Performance:3|Refactor:22|Reliability:10|Structural:3",1.382070065,6,9,0.000000000,0.000000000,0.999994278,111.375999451,5.793000221,110.081001282,119.625000000,0.907750010,0.000000000,0.997706711,0.996760011,0.045000002,0.000000000,0.002293274,0.001280000,2.884950638,true,"global_robust"
88,0.256576359,-0.002910350,0.000000000,0.000000000,0.000000000,0,1.000000000,8,0.001941423,0.919135034,0.000000000,0.000000000,0.000000000,0.000000000,0.000000000,0.000000000,0,0.000000000,0,0.000000000,0.000000000,1.000000000,0.000000000,6,43,"ConstraintPropagation:3|Cost:2|Performance:3|Refactor:22|Reliability:10|Structural:3",1.382070065,6,8,0.000000000,0.000000000,0.999994278,113.876998901,5.920000076,112.289001465,121.956001282,0.907750010,0.000000000,0.997706711,0.996760011,0.045000002,0.000000000,0.002293274,0.001280000,2.884950638,true,"global_robust"
89,0.253666013,-0.002910350,0.000000000,0.000000000,0.000000000,0,1.000000000,9,0.001659491,0.916758299,0.000000000,0.000000000,0.000000000,0.000000000,0.000000000,0.000000000,0,0.000000000,0,0.000000000,0.000000000,1.000000000,0.000000000,6,43,"ConstraintPropagation:3|Cost:2|Performance:3|Refactor:22|Reliability:10|Structural:3",1.382070065,6,9,0.000000000,0.000000000,0.999994278,115.666000366,5.958000183,114.290000916,123.833999634,0.907750010,0.000000000,0.997706711,0.996760011,0.045000002,0.000000000,0.002293274,0.001280000,2.884950638,true,"global_robust"
90,0.250755668,-0.002910350,0.000000000,0.000000000,0.000000000,0,1.000000000,8,0.001404384,0.906727374,0.000000000,0.000000000,0.000000000,0.000000000,0.000000000,0.000000000,0,0.000000000,0,0.000000000,0.000000000,1.000000000,0.000000000,6,43,"ConstraintPropagation:3|Cost:2|Performance:3|Refactor:22|Reliability:10|Structural:3",1.382070065,6,8,1.439566970,4.071710110,0.999994278,116.542999268,5.999000072,115.333999634,124.793998718,0.907750010,0.000000000,0.997706711,0.996760011,0.045000002,0.000000000,0.002293274,0.001280000,2.884950638,false,"global_robust"
91,0.247845307,-0.002910350,0.000000000,0.000000000,0.000000000,0,1.000000000,9,0.001660358,0.917422652,0.000000000,0.000000000,0.000000000,0.000000000,0.000000000,0.000000000,0,0.000000000,0,0.000000000,0.000000000,1.000000000,0.000000000,6,43,"ConstraintPropagation:3|Cost:2|Performance:3|Refactor:22|Reliability:10|Structural:3",1.382070065,6,9,0.000000000,0.000000000,0.999994278,109.125999451,5.459000111,107.708000183,116.664001465,0.907750010,0.000000000,0.997706711,0.996760011,0.045000002,0.000000000,0.002293274,0.001280000,2.884950638,true,"global_robust"
92,0.244934961,-0.002910350,0.000000000,0.000000000,0.000000000,0,1.000000000,9,0.001666007,0.917753696,0.000000000,0.000000000,0.000000000,0.000000000,0.000000000,0.000000000,0,0.000000000,0,0.000000000,0.000000000,1.000000000,0.000000000,6,43,"ConstraintPropagation:3|Cost:2|Performance:3|Refactor:22|Reliability:10|Structural:3",1.382070065,6,9,0.000000000,0.000000000,0.999994278,108.916000366,5.625000000,107.790000916,116.541999817,0.907750010,0.000000000,0.997706711,0.996760011,0.045000002,0.000000000,0.002293274,0.001280000,2.884950638,true,"global_robust"
93,0.242024601,-0.002910350,0.000000000,0.000000000,0.000000000,0,1.000000000,9,0.001664694,0.918084085,0.000000000,0.000000000,0.000000000,0.000000000,0.000000000,0.000000000,0,0.000000000,0,0.000000000,0.000000000,1.000000000,0.000000000,6,43,"ConstraintPropagation:3|Cost:2|Performance:3|Refactor:22|Reliability:10|Structural:3",1.382070065,6,9,0.000000000,0.000000000,0.999994278,108.628997803,5.794000149,107.248001099,116.292999268,0.907750010,0.000000000,0.997706711,0.996760011,0.045000002,0.000000000,0.002293274,0.001280000,2.884950638,true,"global_robust"
94,0.239114255,-0.002910350,0.000000000,0.000000000,0.000000000,0,1.000000000,9,0.001670350,0.918413043,0.000000000,0.000000000,0.000000000,0.000000000,0.000000000,0.000000000,0,0.000000000,0,0.000000000,0.000000000,1.000000000,0.000000000,6,43,"ConstraintPropagation:3|Cost:2|Performance:3|Refactor:22|Reliability:10|Structural:3",1.382070065,6,9,0.000000000,0.000000000,0.999994278,109.583999634,5.454999924,108.332000732,117.214996338,0.907750010,0.000000000,0.997706711,0.996760011,0.045000002,0.000000000,0.002293274,0.001280000,2.884950638,true,"global_robust"
95,0.236203909,-0.002910350,0.000000000,0.000000000,0.000000000,0,1.000000000,7,0.000918334,0.898849666,0.000000000,0.000000000,0.000000000,0.000000000,0.000000000,0.000000000,0,0.000000000,0,0.000000000,0.000000000,1.000000000,0.000000000,6,43,"ConstraintPropagation:3|Cost:2|Performance:3|Refactor:22|Reliability:10|Structural:3",1.382070065,6,7,0.000000000,0.000000000,0.499992460,108.541999817,5.831999779,107.416999817,116.540000916,0.907750010,0.000000000,0.997706711,0.996760011,0.045000002,0.000000000,0.002293274,0.001280000,2.884950638,true,"global_robust"
96,0.233529404,-0.002674504,0.000000000,0.000000000,0.000000000,0,1.000000000,9,0.001351043,0.900002062,0.000000000,0.000000000,0.000000000,0.000000000,0.000000000,0.000000000,0,0.000000000,0,0.000000000,0.000000000,1.000000000,0.000000000,6,42,"ConstraintPropagation:3|Cost:1|Performance:3|Refactor:22|Reliability:10|Structural:3",1.334900737,6,9,0.000000000,0.000000000,0.499992460,95.207000732,5.414999962,93.750999451,102.710998535,0.907750010,0.000000000,0.997706711,0.996760011,0.045000002,0.000000000,0.002293274,0.001280000,2.884950638,true,"global_robust"
97,0.230854899,-0.002674504,0.000000000,0.000000000,0.000000000,0,1.000000000,9,0.001351082,0.900289178,0.000000000,0.000000000,0.000000000,0.000000000,0.000000000,0.000000000,0,0.000000000,0,0.000000000,0.000000000,1.000000000,0.000000000,6,42,"ConstraintPropagation:3|Cost:1|Performance:3|Refactor:22|Reliability:10|Structural:3",1.334900737,6,9,0.000000000,0.000000000,0.499992460,92.251998901,5.586999893,90.833000183,99.872001648,0.907750010,0.000000000,0.997706711,0.996760011,0.045000002,0.000000000,0.002293274,0.001280000,2.884950638,true,"global_robust"
98,0.228180394,-0.002674504,0.000000000,0.000000000,0.000000000,0,1.000000000,9,0.001351123,0.900574923,0.000000000,0.000000000,0.000000000,0.000000000,0.000000000,0.000000000,0,0.000000000,0,0.000000000,0.000000000,1.000000000,0.000000000,6,42,"ConstraintPropagation:3|Cost:1|Performance:3|Refactor:22|Reliability:10|Structural:3",1.334900737,6,9,0.000000000,0.000000000,0.499992460,100.040000916,5.415999889,98.833999634,107.582000732,0.907750010,0.000000000,0.997706711,0.996760011,0.045000002,0.000000000,0.002293274,0.001280000,2.884950638,true,"global_robust"
99,0.225505888,-0.002674504,0.000000000,0.000000000,0.000000000,0,1.000000000,7,0.001445409,0.886186004,0.000000000,0.000000000,0.000000000,0.000000000,0.000000000,0.000000000,0,0.000000000,0,0.000000000,0.000000000,1.000000000,0.000000000,6,42,"ConstraintPropagation:3|Cost:1|Performance:3|Refactor:22|Reliability:10|Structural:3",1.334900737,6,7,0.003171361,0.008390633,0.499992460,95.083000183,5.418000221,93.374000549,102.498001099,0.907750010,0.000000000,0.997706711,0.996760011,0.045000002,0.000000000,0.002293274,0.001280000,2.884950638,true,"global_robust"
100,0.222831383,-0.002674504,0.000000000,0.000000000,0.000000000,0,1.000000000,9,0.001351221,0.901144743,0.000000000,0.000000000,0.000000000,0.000000000,0.000000000,0.000000000,0,0.000000000,0,0.000000000,0.000000000,1.000000000,0.000000000,6,42,"ConstraintPropagation:3|Cost:1|Performance:3|Refactor:22|Reliability:10|Structural:3",1.334900737,6,9,0.000000000,0.000000000,0.499992460,95.582000732,5.625000000,94.333999634,103.290000916,0.907750010,0.000000000,0.997706711,0.996760011,0.045000002,0.000000000,0.002293274,0.001280000,2.884950638,true,"global_robust"
